,LMT,INTC,CSCO,NUE
LMT,1.0,0.07651946608955061,0.17080598553398407,0.18642142111448182
INTC,0.07651946608955061,1.0,0.2914777264934516,0.299410633625033
CSCO,0.17080598553398407,0.2914777264934516,1.0,0.447371665775517
NUE,0.18642142111448182,0.299410633625033,0.447371665775517,1.0
